Source,Categories,Confidence,Excerpt,Stance,Tone,Date
main_page,Reward Gaming,75.0%,"Reject
Accept all
Effective Altruism Forum
Topics
Login
Sign up
Home
Best of the Forum
All posts
Topics
People directory
Take action
Events
Groups directory
How to use the Forum
Forum events calendar
...",concerning,analytical,2025-10-10T03:49:19.711627
main_page,Unauthorized Access,75.0%,"Reject
Accept all
Effective Altruism Forum
Topics
Login
Sign up
Home
Best of the Forum
All posts
Topics
People directory
Take action
Events
Groups directory
How to use the Forum
Forum events calendar
...",concerning,analytical,2025-10-10T03:49:19.711627
main_page,Deceptive Behaviour,75.0%,"Reject
Accept all
Effective Altruism Forum
Topics
Login
Sign up
Home
Best of the Forum
All posts
Topics
People directory
Take action
Events
Groups directory
How to use the Forum
Forum events calendar
...",concerning,analytical,2025-10-10T03:49:19.711627
main_page,Sycophancy,75.0%,"Reject
Accept all
Effective Altruism Forum
Topics
Login
Sign up
Home
Best of the Forum
All posts
Topics
People directory
Take action
Events
Groups directory
How to use the Forum
Forum events calendar
...",concerning,analytical,2025-10-10T03:49:19.711627
article-depth-1,Unauthorized Access,75.0%,"We also use other forms of technology (such as pixels and web beacons and, in apps, software development kits (usually referred to as SDKs)) which serve a similar purpose to cookies and which allow us...",concerning,analytical,2025-10-10T03:49:39.164902
article-depth-1,Deceptive Behaviour,75.0%,"We also use other forms of technology (such as pixels and web beacons and, in apps, software development kits (usually referred to as SDKs)) which serve a similar purpose to cookies and which allow us...",concerning,analytical,2025-10-10T03:49:39.164902
article-depth-1,Deceptive Behaviour,75.0%,"(Read more)

POSTS TAGGED OPPORTUNITIES TO TAKE ACTION
New & upvoted
Relevance
11
We‚Äôre scaling our job board to help people find impactful roles
Probably Good
Probably Good
¬∑ 
10h¬†ago
 ¬∑ 1m read
0
2
...",concerning,analytical,2025-10-10T03:49:45.630580
article-depth-1,Sycophancy,75.0%,"(Read more)

POSTS TAGGED OPPORTUNITIES TO TAKE ACTION
New & upvoted
Relevance
11
We‚Äôre scaling our job board to help people find impactful roles
Probably Good
Probably Good
¬∑ 
10h¬†ago
 ¬∑ 1m read
0
2
...",concerning,analytical,2025-10-10T03:49:45.630580
article-depth-1,Goal Misgeneralization,75.0%,"Risks from artificial intelligence (AI)
7",concerning,analytical,2025-10-10T03:49:45.634577
article-depth-1,Deceptive Behaviour,75.0%,"Risks from artificial intelligence (AI)
7",concerning,analytical,2025-10-10T03:49:45.634577
article-depth-1,Sycophancy,75.0%,"Risks from artificial intelligence (AI)
7",concerning,analytical,2025-10-10T03:49:45.634577
article-depth-1,Deceptive Behaviour,75.0%,"What can I listen to now?
What about AI narrations? I want to listen to everything!
Who is working on this?
What about the existing ‚ÄúEA Forum Podcast‚Äù?
Thoughts, feedback, suggestions?
33 comments

We...",concerning,analytical,2025-10-10T03:49:43.617948
article-depth-1,Sycophancy,75.0%,"What can I listen to now?
What about AI narrations? I want to listen to everything!
Who is working on this?
What about the existing ‚ÄúEA Forum Podcast‚Äù?
Thoughts, feedback, suggestions?
33 comments

We...",concerning,analytical,2025-10-10T03:49:43.617948
article-depth-1,Reward Gaming,75.0%,"Effective Altruism Forum
Login
Sign up
Home
Best of the Forum
All posts
Topics
People directory
Take action
Events
Groups directory
How to use the Forum
Forum events calendar
EA Handbook
EA Forum Podc...",concerning,analytical,2025-10-10T03:49:47.265395
article-depth-1,Unauthorized Access,75.0%,"Effective Altruism Forum
Login
Sign up
Home
Best of the Forum
All posts
Topics
People directory
Take action
Events
Groups directory
How to use the Forum
Forum events calendar
EA Handbook
EA Forum Podc...",concerning,analytical,2025-10-10T03:49:47.265395
article-depth-1,Goal Misgeneralization,75.0%,"Effective Altruism Forum
Login
Sign up
Home
Best of the Forum
All posts
Topics
People directory
Take action
Events
Groups directory
How to use the Forum
Forum events calendar
EA Handbook
EA Forum Podc...",concerning,analytical,2025-10-10T03:49:47.265395
article-depth-1,Deceptive Behaviour,75.0%,"Effective Altruism Forum
Login
Sign up
Home
Best of the Forum
All posts
Topics
People directory
Take action
Events
Groups directory
How to use the Forum
Forum events calendar
EA Handbook
EA Forum Podc...",concerning,analytical,2025-10-10T03:49:47.265395
article-depth-1,Sycophancy,75.0%,"Effective Altruism Forum
Login
Sign up
Home
Best of the Forum
All posts
Topics
People directory
Take action
Events
Groups directory
How to use the Forum
Forum events calendar
EA Handbook
EA Forum Podc...",concerning,analytical,2025-10-10T03:49:47.265395
article-depth-1,Unauthorized Access,75.0%,"Therefore, as of December 1, 2022, we are requiring that all content posted to the Forum be available under a¬†CC BY 4",concerning,analytical,2025-10-10T03:49:46.988200
article-depth-1,Goal Misgeneralization,75.0%,"Therefore, as of December 1, 2022, we are requiring that all content posted to the Forum be available under a¬†CC BY 4",concerning,analytical,2025-10-10T03:49:46.988200
article-depth-1,Deceptive Behaviour,75.0%,"Therefore, as of December 1, 2022, we are requiring that all content posted to the Forum be available under a¬†CC BY 4",concerning,analytical,2025-10-10T03:49:46.988200
article-depth-1,Sycophancy,75.0%,"Therefore, as of December 1, 2022, we are requiring that all content posted to the Forum be available under a¬†CC BY 4",concerning,analytical,2025-10-10T03:49:46.988200
article-depth-1,Reward Gaming,75.0%,"Effective Altruism Forum
Login
Sign up
Interview with a drone expert on the future of AI warfare
by NunoSempere, rai
Oct 9
5 min read
 0
13
AI safety
Existential riskForecastingArmed conflictGreat pow...",concerning,analytical,2025-10-10T03:49:40.222849
article-depth-1,Unauthorized Access,75.0%,"Effective Altruism Forum
Login
Sign up
Interview with a drone expert on the future of AI warfare
by NunoSempere, rai
Oct 9
5 min read
 0
13
AI safety
Existential riskForecastingArmed conflictGreat pow...",concerning,analytical,2025-10-10T03:49:40.222849
article-depth-1,Reward Gaming,75.0%,"Sentinel Global Risks Watch
Subscribe
Sign in
Playback speed
1√ó
Share post
Share post at current time
Share from 0:00
0:00
/
0:00
3
2
How AI Will Transform Military Command and Control - Paul Scharre
...",concerning,analytical,2025-10-10T03:49:45.215680
article-depth-1,Unauthorized Access,75.0%,"Sentinel Global Risks Watch
Subscribe
Sign in
Playback speed
1√ó
Share post
Share post at current time
Share from 0:00
0:00
/
0:00
3
2
How AI Will Transform Military Command and Control - Paul Scharre
...",concerning,analytical,2025-10-10T03:49:45.215680
article-depth-1,Goal Misgeneralization,75.0%,"Sentinel Global Risks Watch
Subscribe
Sign in
Playback speed
1√ó
Share post
Share post at current time
Share from 0:00
0:00
/
0:00
3
2
How AI Will Transform Military Command and Control - Paul Scharre
...",concerning,analytical,2025-10-10T03:49:45.215680
article-depth-1,Deceptive Behaviour,75.0%,"Sentinel Global Risks Watch
Subscribe
Sign in
Playback speed
1√ó
Share post
Share post at current time
Share from 0:00
0:00
/
0:00
3
2
How AI Will Transform Military Command and Control - Paul Scharre
...",concerning,analytical,2025-10-10T03:49:45.215680
article-depth-1,Sycophancy,75.0%,"Sentinel Global Risks Watch
Subscribe
Sign in
Playback speed
1√ó
Share post
Share post at current time
Share from 0:00
0:00
/
0:00
3
2
How AI Will Transform Military Command and Control - Paul Scharre
...",concerning,analytical,2025-10-10T03:49:45.215680
article-depth-1,Reward Gaming,75.0%,"I like to spend my time acquiring deeper models of the world, and generally becoming more formidable",concerning,analytical,2025-10-10T03:50:00.475670
article-depth-1,Goal Misgeneralization,75.0%,"I like to spend my time acquiring deeper models of the world, and generally becoming more formidable",concerning,analytical,2025-10-10T03:50:00.475670
article-depth-1,Deceptive Behaviour,75.0%,"I like to spend my time acquiring deeper models of the world, and generally becoming more formidable",concerning,analytical,2025-10-10T03:50:00.475670
article-depth-1,Sycophancy,75.0%,"I like to spend my time acquiring deeper models of the world, and generally becoming more formidable",concerning,analytical,2025-10-10T03:50:00.475670
article-depth-1,Reward Gaming,75.0%,"Effective Altruism Forum
Login
Sign up
AGI √ó Animals Wargame
by Sentient Futures (formerly AI for Animals), Constance Li
Oct 8
7 min read
 1
52
AI safety
Animal welfare
Building effective altruismAI g...",concerning,analytical,2025-10-10T03:49:54.546392
article-depth-1,Unauthorized Access,75.0%,"Effective Altruism Forum
Login
Sign up
AGI √ó Animals Wargame
by Sentient Futures (formerly AI for Animals), Constance Li
Oct 8
7 min read
 1
52
AI safety
Animal welfare
Building effective altruismAI g...",concerning,analytical,2025-10-10T03:49:54.546392
article-depth-1,Goal Misgeneralization,75.0%,"Effective Altruism Forum
Login
Sign up
AGI √ó Animals Wargame
by Sentient Futures (formerly AI for Animals), Constance Li
Oct 8
7 min read
 1
52
AI safety
Animal welfare
Building effective altruismAI g...",concerning,analytical,2025-10-10T03:49:54.546392
article-depth-1,Deceptive Behaviour,75.0%,"Effective Altruism Forum
Login
Sign up
AGI √ó Animals Wargame
by Sentient Futures (formerly AI for Animals), Constance Li
Oct 8
7 min read
 1
52
AI safety
Animal welfare
Building effective altruismAI g...",concerning,analytical,2025-10-10T03:49:54.546392
article-depth-1,Sycophancy,75.0%,"Effective Altruism Forum
Login
Sign up
AGI √ó Animals Wargame
by Sentient Futures (formerly AI for Animals), Constance Li
Oct 8
7 min read
 1
52
AI safety
Animal welfare
Building effective altruismAI g...",concerning,analytical,2025-10-10T03:49:54.546392
article-depth-1,Reward Gaming,75.0%,"ai
Message
Get notified
Interests:
AI x Animals
Artificial sentience
Animal welfare
Bio
Participation
3

I start caring about animal welfare at the age of 12",concerning,analytical,2025-10-10T03:50:00.345955
article-depth-1,Unauthorized Access,75.0%,"ai
Message
Get notified
Interests:
AI x Animals
Artificial sentience
Animal welfare
Bio
Participation
3

I start caring about animal welfare at the age of 12",concerning,analytical,2025-10-10T03:50:00.345955
article-depth-1,Goal Misgeneralization,75.0%,"ai
Message
Get notified
Interests:
AI x Animals
Artificial sentience
Animal welfare
Bio
Participation
3

I start caring about animal welfare at the age of 12",concerning,analytical,2025-10-10T03:50:00.345955
article-depth-1,Deceptive Behaviour,75.0%,"ai
Message
Get notified
Interests:
AI x Animals
Artificial sentience
Animal welfare
Bio
Participation
3

I start caring about animal welfare at the age of 12",concerning,analytical,2025-10-10T03:50:00.345955
article-depth-1,Sycophancy,75.0%,"ai
Message
Get notified
Interests:
AI x Animals
Artificial sentience
Animal welfare
Bio
Participation
3

I start caring about animal welfare at the age of 12",concerning,analytical,2025-10-10T03:50:00.345955
article-depth-1,Sycophancy,75.0%,"Effective Altruism Forum
Login
Sign up
How well can large language models predict the future?
by Forecasting Research Institute
Oct 8
1 min read
 1
31
AI safetyForecastingAI evaluations and standardsA...",concerning,analytical,2025-10-10T03:49:54.330419
article-depth-1,Reward Gaming,75.0%,"Already have an account? Sign in
How well can large language models predict the future?
We‚Äôve just released an updated version of ForecastBench, our LLM forecasting benchmark",concerning,analytical,2025-10-10T03:49:59.160025
article-depth-1,Unauthorized Access,75.0%,"Already have an account? Sign in
How well can large language models predict the future?
We‚Äôve just released an updated version of ForecastBench, our LLM forecasting benchmark",concerning,analytical,2025-10-10T03:49:59.160025
article-depth-1,Sycophancy,75.0%,"Already have an account? Sign in
How well can large language models predict the future?
We‚Äôve just released an updated version of ForecastBench, our LLM forecasting benchmark",concerning,analytical,2025-10-10T03:49:59.160025
article-depth-1,Reward Gaming,75.0%,"Effective Altruism Forum
Login
Sign up
Why I think building EA is important for making AI go well
by Arden Koehler
Sep 25
5 min read
 12
202
AI safety
Building effective altruism
Existential riskMeta ...",concerning,analytical,2025-10-10T03:49:59.548162
article-depth-1,Unauthorized Access,75.0%,"Effective Altruism Forum
Login
Sign up
Why I think building EA is important for making AI go well
by Arden Koehler
Sep 25
5 min read
 12
202
AI safety
Building effective altruism
Existential riskMeta ...",concerning,analytical,2025-10-10T03:49:59.548162
article-depth-1,Goal Misgeneralization,75.0%,"Effective Altruism Forum
Login
Sign up
Why I think building EA is important for making AI go well
by Arden Koehler
Sep 25
5 min read
 12
202
AI safety
Building effective altruism
Existential riskMeta ...",concerning,analytical,2025-10-10T03:49:59.548162
article-depth-1,Deceptive Behaviour,75.0%,"Effective Altruism Forum
Login
Sign up
Why I think building EA is important for making AI go well
by Arden Koehler
Sep 25
5 min read
 12
202
AI safety
Building effective altruism
Existential riskMeta ...",concerning,analytical,2025-10-10T03:49:59.548162
article-depth-1,Sycophancy,75.0%,"Effective Altruism Forum
Login
Sign up
Why I think building EA is important for making AI go well
by Arden Koehler
Sep 25
5 min read
 12
202
AI safety
Building effective altruism
Existential riskMeta ...",concerning,analytical,2025-10-10T03:49:59.548162
article-depth-1,Goal Misgeneralization,75.0%,"Effective Altruism Forum
Login
Sign up
AK
Arden Koehler
3008 karma
Joined Aug 2017
Message
Get notified
Interests:
Effective giving
Posts
17
Sorted by New
6
Ardenlk's Quick takes
Arden Koehler
Arden K...",concerning,analytical,2025-10-10T03:50:00.508674
article-depth-1,Deceptive Behaviour,75.0%,"Effective Altruism Forum
Login
Sign up
AK
Arden Koehler
3008 karma
Joined Aug 2017
Message
Get notified
Interests:
Effective giving
Posts
17
Sorted by New
6
Ardenlk's Quick takes
Arden Koehler
Arden K...",concerning,analytical,2025-10-10T03:50:00.508674
article-depth-1,Sycophancy,75.0%,"Effective Altruism Forum
Login
Sign up
AK
Arden Koehler
3008 karma
Joined Aug 2017
Message
Get notified
Interests:
Effective giving
Posts
17
Sorted by New
6
Ardenlk's Quick takes
Arden Koehler
Arden K...",concerning,analytical,2025-10-10T03:50:00.508674
article-depth-1,Goal Misgeneralization,75.0%,"Effective Altruism Forum
Login
Sign up
Aspiring AI Safety Researchers: Consider ‚ÄúAtypical Jobs‚Äù in the Field Instead",concerning,analytical,2025-10-10T03:49:54.154516
article-depth-1,Deceptive Behaviour,75.0%,"Effective Altruism Forum
Login
Sign up
Aspiring AI Safety Researchers: Consider ‚ÄúAtypical Jobs‚Äù in the Field Instead",concerning,analytical,2025-10-10T03:49:54.154516
article-depth-1,Goal Misgeneralization,75.0%,"Effective Altruism Forum
Login
Sign up
H
Harrison üî∏
175 karma
Joined May 2021
Cambridge, UK
Message
Get notified
Interests:
AI safety
AI governance
Posts
6
Sorted by New
57
Aspiring AI Safety Research...",concerning,analytical,2025-10-10T03:50:09.508039
article-depth-1,Deceptive Behaviour,75.0%,"Effective Altruism Forum
Login
Sign up
H
Harrison üî∏
175 karma
Joined May 2021
Cambridge, UK
Message
Get notified
Interests:
AI safety
AI governance
Posts
6
Sorted by New
57
Aspiring AI Safety Research...",concerning,analytical,2025-10-10T03:50:09.508039
article-depth-1,Sycophancy,75.0%,"Effective Altruism Forum
Login
Sign up
H
Harrison üî∏
175 karma
Joined May 2021
Cambridge, UK
Message
Get notified
Interests:
AI safety
AI governance
Posts
6
Sorted by New
57
Aspiring AI Safety Research...",concerning,analytical,2025-10-10T03:50:09.508039
article-depth-1,Deceptive Behaviour,75.0%,"Effective Altruism Forum
Login
Sign up
Canada's Senate is Studying AI‚Äôs Impact in Canada - How to Participate
by Kiara üî∏
Oct 9
4 min read
 0
1
AI safetyOpportunities to take action
PolicyAI governance...",concerning,analytical,2025-10-10T03:50:10.214790
article-depth-1,Sycophancy,75.0%,"Effective Altruism Forum
Login
Sign up
Canada's Senate is Studying AI‚Äôs Impact in Canada - How to Participate
by Kiara üî∏
Oct 9
4 min read
 0
1
AI safetyOpportunities to take action
PolicyAI governance...",concerning,analytical,2025-10-10T03:50:10.214790
article-depth-1,Unauthorized Access,75.0%,"Nesic Skuratova
Oct 9
5 min read
 0
3
AI safetyOpportunities to take actionAnnouncements and updatesHiringJob listing (open)Operations
Frontpage
Show all topics
Strategic Chief of Staff - Driving Grow...",concerning,analytical,2025-10-10T03:50:09.950928
article-depth-1,Deceptive Behaviour,75.0%,"Nesic Skuratova
Oct 9
5 min read
 0
3
AI safetyOpportunities to take actionAnnouncements and updatesHiringJob listing (open)Operations
Frontpage
Show all topics
Strategic Chief of Staff - Driving Grow...",concerning,analytical,2025-10-10T03:50:09.950928
article-depth-1,Sycophancy,75.0%,"Nesic Skuratova
Oct 9
5 min read
 0
3
AI safetyOpportunities to take actionAnnouncements and updatesHiringJob listing (open)Operations
Frontpage
Show all topics
Strategic Chief of Staff - Driving Grow...",concerning,analytical,2025-10-10T03:50:09.950928
article-depth-1,Goal Misgeneralization,75.0%,"I also lived in South Korea, Thailand, and Indonesia which provided me with a deep understanding of the APAC region & I've been closely involved in the charity world with the focus on children's educa...",concerning,analytical,2025-10-10T03:50:09.454189
article-depth-1,Deceptive Behaviour,75.0%,"I also lived in South Korea, Thailand, and Indonesia which provided me with a deep understanding of the APAC region & I've been closely involved in the charity world with the focus on children's educa...",concerning,analytical,2025-10-10T03:50:09.454189
article-depth-1,Sycophancy,75.0%,"I also lived in South Korea, Thailand, and Indonesia which provided me with a deep understanding of the APAC region & I've been closely involved in the charity world with the focus on children's educa...",concerning,analytical,2025-10-10T03:50:09.454189
article-depth-1,Reward Gaming,75.0%,"Effective Altruism Forum
Login
Sign up
How AI may become deceitful, sycophantic",concerning,analytical,2025-10-10T03:50:10.459959
article-depth-1,Unauthorized Access,75.0%,"Effective Altruism Forum
Login
Sign up
How AI may become deceitful, sycophantic",concerning,analytical,2025-10-10T03:50:10.459959
article-depth-1,Goal Misgeneralization,75.0%,"Effective Altruism Forum
Login
Sign up
How AI may become deceitful, sycophantic",concerning,analytical,2025-10-10T03:50:10.459959
article-depth-1,Deceptive Behaviour,75.0%,"Effective Altruism Forum
Login
Sign up
How AI may become deceitful, sycophantic",concerning,analytical,2025-10-10T03:50:10.459959
article-depth-1,Sycophancy,75.0%,"Effective Altruism Forum
Login
Sign up
How AI may become deceitful, sycophantic",concerning,analytical,2025-10-10T03:50:10.459959